arquivo,tipo,classe,nome,rank_cc,complexity,linha_ini,linha_fim
pynapple/core/base_class.py,method,_Base,_define_instance,A,1,64,70
pynapple/core/base_class.py,method,_Base,t,A,1,73,75
pynapple/core/base_class.py,method,_Base,start,A,1,78,80
pynapple/core/base_class.py,method,_Base,end,A,1,83,85
pynapple/core/base_class.py,method,_Base,shape,A,1,88,90
pynapple/core/base_class.py,method,_Base,__repr__,A,1,92,93
pynapple/core/base_class.py,method,_Base,__str__,A,1,95,96
pynapple/core/base_class.py,method,_Base,__len__,A,1,98,99
pynapple/core/base_class.py,method,_Base,__getitem__,A,1,113,115
pynapple/core/base_class.py,method,_Base,__setitem__,A,1,117,118
pynapple/core/base_class.py,method,_Base,times,A,1,120,134
pynapple/core/base_class.py,method,_Base,_format_time,A,1,518,519
pynapple/core/base_class.py,method,_Base,_get_filename,A,1,659,678
pynapple/core/config.py,method,PynappleConfig,__init__,A,1,77,80
pynapple/core/config.py,method,PynappleConfig,backend,A,1,83,87
pynapple/core/config.py,method,PynappleConfig,backend,A,1,90,91
pynapple/core/config.py,method,PynappleConfig,time_index_precision,A,1,111,119
pynapple/core/config.py,method,PynappleConfig,suppress_conversion_warnings,A,1,122,128
pynapple/core/config.py,method,PynappleConfig,suppress_time_index_sorting_warnings,A,1,137,142
pynapple/core/config.py,method,PynappleConfig,restore_defaults,A,1,152,160
pynapple/core/interval_set.py,method,IntervalSet,__init__,A,1,298,317
pynapple/core/interval_set.py,method,IntervalSet,_initialize_state,A,1,427,438
pynapple/core/interval_set.py,method,IntervalSet,__str__,A,1,538,539
pynapple/core/interval_set.py,method,IntervalSet,__len__,A,1,541,542
pynapple/core/interval_set.py,method,IntervalSet,__array__,A,1,636,637
pynapple/core/interval_set.py,method,IntervalSet,start,A,1,674,675
pynapple/core/interval_set.py,method,IntervalSet,end,A,1,678,679
pynapple/core/interval_set.py,method,IntervalSet,shape,A,1,682,683
pynapple/core/interval_set.py,method,IntervalSet,ndim,A,1,686,687
pynapple/core/interval_set.py,method,IntervalSet,size,A,1,690,691
pynapple/core/interval_set.py,method,IntervalSet,starts,A,1,694,708
pynapple/core/interval_set.py,method,IntervalSet,ends,A,1,711,725
pynapple/core/interval_set.py,method,IntervalSet,loc,A,1,728,732
pynapple/core/interval_set.py,method,IntervalSet,tot_length,A,1,779,794
pynapple/core/interval_set.py,method,IntervalSet,set_diff,A,1,853,873
pynapple/core/interval_set.py,method,IntervalSet,in_interval,A,1,875,895
pynapple/core/interval_set.py,method,IntervalSet,drop_short_intervals,A,1,897,916
pynapple/core/interval_set.py,method,IntervalSet,drop_long_intervals,A,1,918,937
pynapple/core/interval_set.py,method,IntervalSet,as_dataframe,A,1,1030,1040
pynapple/core/interval_set.py,method,IntervalSet,save,A,1,1042,1088
pynapple/core/interval_set.py,method,IntervalSet,set_info,A,1,1172,1245
pynapple/core/interval_set.py,method,IntervalSet,get_info,A,1,1248,1304
pynapple/core/interval_set.py,method,IntervalSet,drop_info,A,1,1307,1343
pynapple/core/interval_set.py,method,IntervalSet,restrict_info,A,1,1346,1382
pynapple/core/interval_set.py,method,IntervalSet,groupby,A,1,1386,1430
pynapple/core/interval_set.py,method,IntervalSet,groupby_apply,A,1,1433,1504
pynapple/core/metadata_class.py,function,,anon_func,A,1,530,531
pynapple/core/metadata_class.py,function,,anon_func,A,1,535,536
pynapple/core/metadata_class.py,function,,add_meta_docstring,A,1,17,24
pynapple/core/metadata_class.py,function,,_decorator,A,1,20,22
pynapple/core/metadata_class.py,function,,add_or_convert_metadata,A,1,27,58
pynapple/core/metadata_class.py,method,_MetadataMixin,__dir__,A,1,86,90
pynapple/core/metadata_class.py,method,_MetadataMixin,__getitem__,A,1,129,133
pynapple/core/metadata_class.py,method,_MetadataMixin,metadata,A,1,137,142
pynapple/core/metadata_class.py,method,_MetadataMixin,metadata_columns,A,1,145,149
pynapple/core/metadata_class.py,method,_Metadata,__init__,A,1,562,564
pynapple/core/metadata_class.py,method,_Metadata,columns,A,1,622,626
pynapple/core/metadata_class.py,method,_Metadata,loc,A,1,629,633
pynapple/core/metadata_class.py,method,_Metadata,iloc,A,1,636,640
pynapple/core/metadata_class.py,method,_Metadata,shape,A,1,643,647
pynapple/core/metadata_class.py,method,_Metadata,copy,A,1,742,746
pynapple/core/metadata_class.py,method,_MetadataILoc,__init__,A,1,897,900
pynapple/core/time_index.py,method,TsIndex,values,A,1,120,128
pynapple/core/time_index.py,method,TsIndex,__setitem__,A,1,130,131
pynapple/core/time_index.py,method,TsIndex,to_numpy,A,1,133,141
pynapple/core/time_index.py,method,TsIndex,in_units,A,1,143,151
pynapple/core/time_series.py,function,,method,A,1,235,236
pynapple/core/time_series.py,method,_BaseTsd,_define_instance,A,1,207,218
pynapple/core/time_series.py,method,_BaseTsd,d,A,1,245,246
pynapple/core/time_series.py,method,_BaseTsd,shape,A,1,249,250
pynapple/core/time_series.py,method,_BaseTsd,ndim,A,1,253,254
pynapple/core/time_series.py,method,_BaseTsd,size,A,1,257,258
pynapple/core/time_series.py,method,_BaseTsd,__array__,A,1,260,261
pynapple/core/time_series.py,method,_BaseTsd,as_array,A,1,342,351
pynapple/core/time_series.py,method,_BaseTsd,data,A,1,353,362
pynapple/core/time_series.py,method,_BaseTsd,to_numpy,A,1,364,370
pynapple/core/time_series.py,method,TsdTensor,get_slice,A,1,1063,1085
pynapple/core/time_series.py,method,TsdTensor,count,A,1,1088,1152
pynapple/core/time_series.py,method,TsdTensor,restrict,A,1,1155,1212
pynapple/core/time_series.py,method,TsdTensor,in_interval,A,1,1215,1244
pynapple/core/time_series.py,method,TsdTensor,value_from,A,1,1247,1334
pynapple/core/time_series.py,method,TsdTensor,time_diff,A,1,1337,1354
pynapple/core/time_series.py,method,TsdTensor,save,A,1,1356,1401
pynapple/core/time_series.py,method,TsdFrame,loc,A,1,1592,1598
pynapple/core/time_series.py,method,TsdFrame,__repr__,A,1,1724,1732
pynapple/core/time_series.py,method,TsdFrame,as_dataframe,A,1,1877,1887
pynapple/core/time_series.py,method,TsdFrame,get_slice,A,1,1914,1936
pynapple/core/time_series.py,method,TsdFrame,count,A,1,1939,2005
pynapple/core/time_series.py,method,TsdFrame,restrict,A,1,2008,2069
pynapple/core/time_series.py,method,TsdFrame,in_interval,A,1,2072,2101
pynapple/core/time_series.py,method,TsdFrame,value_from,A,1,2104,2193
pynapple/core/time_series.py,method,TsdFrame,time_diff,A,1,2196,2213
pynapple/core/time_series.py,method,TsdFrame,set_info,A,1,2404,2515
pynapple/core/time_series.py,method,TsdFrame,get_info,A,1,2518,2579
pynapple/core/time_series.py,method,TsdFrame,drop_info,A,1,2582,2633
pynapple/core/time_series.py,method,TsdFrame,restrict_info,A,1,2636,2689
pynapple/core/time_series.py,method,TsdFrame,groupby,A,1,2693,2755
pynapple/core/time_series.py,method,TsdFrame,groupby_apply,A,1,2758,2794
pynapple/core/time_series.py,method,Tsd,as_series,A,1,2980,2990
pynapple/core/time_series.py,method,Tsd,get_slice,A,1,3071,3092
pynapple/core/time_series.py,method,Tsd,count,A,1,3095,3159
pynapple/core/time_series.py,method,Tsd,restrict,A,1,3162,3224
pynapple/core/time_series.py,method,Tsd,in_interval,A,1,3227,3256
pynapple/core/time_series.py,method,Tsd,value_from,A,1,3259,3348
pynapple/core/time_series.py,method,Tsd,time_diff,A,1,3351,3368
pynapple/core/time_series.py,method,Tsd,save,A,1,3536,3586
pynapple/core/time_series.py,method,Ts,as_series,A,1,3676,3685
pynapple/core/time_series.py,method,Ts,save,A,1,3728,3776
pynapple/core/time_series.py,method,Ts,get_slice,A,1,3850,3871
pynapple/core/time_series.py,method,Ts,count,A,1,3874,3938
pynapple/core/time_series.py,method,Ts,restrict,A,1,3941,3997
pynapple/core/time_series.py,method,Ts,in_interval,A,1,4000,4029
pynapple/core/time_series.py,method,Ts,value_from,A,1,4032,4119
pynapple/core/time_series.py,method,Ts,time_diff,A,1,4122,4139
pynapple/core/ts_group.py,method,TsGroup,keys,A,1,570,579
pynapple/core/ts_group.py,method,TsGroup,items,A,1,581,590
pynapple/core/ts_group.py,method,TsGroup,values,A,1,592,601
pynapple/core/ts_group.py,method,TsGroup,rates,A,1,604,608
pynapple/core/ts_group.py,method,TsGroup,copy,A,1,610,616
pynapple/core/ts_group.py,method,TsGroup,merge,A,1,1456,1554
pynapple/core/ts_group.py,method,TsGroup,set_info,A,1,1753,1830
pynapple/core/ts_group.py,method,TsGroup,get_info,A,1,1833,1884
pynapple/core/ts_group.py,method,TsGroup,drop_info,A,1,1887,1926
pynapple/core/ts_group.py,method,TsGroup,restrict_info,A,1,1929,1972
pynapple/core/ts_group.py,method,TsGroup,groupby,A,1,1976,2022
pynapple/core/ts_group.py,method,TsGroup,groupby_apply,A,1,2025,2078
pynapple/core/utils.py,function,,wrapper,A,1,516,518
pynapple/core/utils.py,function,,get_backend,A,1,66,71
pynapple/core/utils.py,method,_TsdFrameSliceHelper,__init__,A,1,363,364
pynapple/core/utils.py,method,_IntervalSetSliceHelper,__init__,A,1,395,403
pynapple/core/_core_functions.py,function,,_restrict,A,1,27,28
pynapple/core/_jitted_functions.py,function,,jitbin_array,A,1,526,530
pynapple/core/_jitted_functions.py,function,,_jitdiff_write_interval,A,1,787,792
pynapple/core/_jitted_functions.py,function,,jitunion,A,1,809,821
pynapple/core/_jitted_functions.py,function,,_jitdiff_append,A,1,825,829
pynapple/io/cnmfe.py,method,CNMF_E,__init__,A,1,37,50
pynapple/io/cnmfe.py,method,Minian,__init__,A,1,99,112
pynapple/io/cnmfe.py,method,InscopixCNMFE,__init__,A,1,162,175
pynapple/io/folder.py,method,Folder,__str__,A,1,139,143
pynapple/io/folder.py,method,Folder,view,A,1,220,222
pynapple/io/folder.py,method,Folder,save,A,1,224,248
pynapple/io/folder.py,method,Folder,info,A,1,259,267
pynapple/io/folder.py,method,Folder,doc,A,1,269,277
pynapple/io/interface_neo.py,function,,_rescale_to_seconds,A,1,92,105
pynapple/io/interface_neo.py,function,,_make_tsd_from_interface,A,1,581,597
pynapple/io/interface_neo.py,method,NeoSignalInterface,__init__,A,1,658,662
pynapple/io/interface_neo.py,method,NeoSignalInterface,__repr__,A,1,664,665
pynapple/io/interface_neo.py,method,NeoSignalInterface,is_analog,A,1,698,699
pynapple/io/interface_neo.py,method,NeoSignalInterface,nap_type,A,1,702,703
pynapple/io/interface_neo.py,method,NeoSignalInterface,dtype,A,1,706,707
pynapple/io/interface_neo.py,method,NeoSignalInterface,shape,A,1,710,711
pynapple/io/interface_neo.py,method,NeoSignalInterface,dt,A,1,714,715
pynapple/io/interface_neo.py,method,NeoSignalInterface,start_time,A,1,718,719
pynapple/io/interface_neo.py,method,NeoSignalInterface,end_time,A,1,722,723
pynapple/io/interface_neo.py,method,NeoSignalInterface,ndim,A,1,726,728
pynapple/io/interface_neo.py,method,NeoSignalInterface,times,A,1,731,733
pynapple/io/interface_neo.py,method,NeoSignalInterface,__len__,A,1,735,737
pynapple/io/interface_neo.py,method,EphysReader,_make_mmap_entry,A,1,1136,1192
pynapple/io/interface_neo.py,method,EphysReader,__repr__,A,1,1357,1358
pynapple/io/interface_neo.py,method,EphysReader,keys,A,1,1435,1437
pynapple/io/interface_neurosuite.py,method,NeuroSuiteIO,xml_info,A,1,347,348
pynapple/io/interface_neurosuite.py,method,NeuroSuiteIO,n_channels,A,1,351,352
pynapple/io/interface_neurosuite.py,method,NeuroSuiteIO,channel_order,A,1,355,356
pynapple/io/interface_neurosuite.py,method,NeuroSuiteIO,skip,A,1,359,360
pynapple/io/interface_neurosuite.py,method,NeuroSuiteIO,groups,A,1,363,364
pynapple/io/interface_neurosuite.py,method,NeuroSuiteIO,binary_metadata,A,1,367,368
pynapple/io/interface_neurosuite.py,method,NeuroSuiteIO,fs_dat,A,1,371,372
pynapple/io/interface_neurosuite.py,method,NeuroSuiteIO,fs_lfp,A,1,375,376
pynapple/io/interface_neurosuite.py,method,NeuroSuiteIO,dat_files,A,1,379,380
pynapple/io/interface_neurosuite.py,method,NeuroSuiteIO,lfp_files,A,1,383,384
pynapple/io/interface_neurosuite.py,method,NeuroSuiteIO,spike_groups,A,1,387,388
pynapple/io/interface_neurosuite.py,method,NeuroSuiteIO,evt_files,A,1,391,392
pynapple/io/interface_nwb.py,method,NWBFile,__repr__,A,1,486,488
pynapple/io/interface_nwb.py,method,NWBFile,close,A,1,538,540
pynapple/io/interface_nwb.py,method,NWBFile,keys,A,1,542,551
pynapple/io/interface_nwb.py,method,NWBFile,items,A,1,553,562
pynapple/io/interface_nwb.py,method,NWBFile,values,A,1,564,573
pynapple/io/loader.py,method,BaseLoader,load_nwb_timeseries,A,1,267,298
pynapple/io/misc.py,function,,load_eeg,A,1,262,307
pynapple/io/neurosuite.py,method,NeuroSuite,__init__,A,1,25,40
pynapple/io/neurosuite.py,method,NeuroSuite,_load_dat_file,A,1,272,281
pynapple/io/phy.py,method,Phy,__init__,A,1,23,39
pynapple/io/suite2p.py,method,Suite2P,__init__,A,1,64,77
pynapple/io/suite2p.py,method,Suite2P,_load_metadata,A,1,84,91
pynapple/io/suite2p.py,method,Suite2P,F,A,1,210,211
pynapple/io/suite2p.py,method,Suite2P,Fneu,A,1,214,215
pynapple/io/suite2p.py,method,Suite2P,spks,A,1,218,219
pynapple/process/correlograms.py,function,,_validate_correlograms_inputs,A,1,21,87
pynapple/process/decoding.py,function,,_format_decoding_inputs,A,1,14,117
pynapple/process/decoding.py,function,,wrapper,A,1,79,115
pynapple/process/decoding.py,function,,decode_template,A,1,431,643
pynapple/process/filtering.py,function,,_validate_filtering_inputs,A,1,14,58
pynapple/process/filtering.py,function,,_get_butter_coefficients,A,1,61,65
pynapple/process/filtering.py,function,,_compute_spectral_inversion,A,1,98,111
pynapple/process/filtering.py,function,,_compute_windowed_sinc_filter,A,1,161,187
pynapple/process/filtering.py,function,,apply_bandpass_filter,A,1,232,286
pynapple/process/filtering.py,function,,apply_bandstop_filter,A,1,290,344
pynapple/process/filtering.py,function,,apply_highpass_filter,A,1,348,402
pynapple/process/filtering.py,function,,apply_lowpass_filter,A,1,406,460
pynapple/process/perievent.py,function,,compute_spike_triggered_average,A,1,221,270
pynapple/process/randomize.py,function,,_resample_ts,A,1,316,332
pynapple/process/randomize.py,function,,_shuffle_intervals_ts,A,1,362,383
pynapple/process/signal.py,function,,compute_hilbert_envelope,A,1,100,170
pynapple/process/signal.py,function,,compute_hilbert_phase,A,1,173,245
pynapple/process/signal.py,function,,_compute_smoothed_envelope,A,1,299,307
pynapple/process/signal.py,function,,_extract_oscillatory_epochs,A,1,310,328
pynapple/process/signal.py,function,,detect_oscillatory_events,A,1,362,422
pynapple/process/spectrum.py,function,,_validate_spectrum_inputs,A,1,37,65
pynapple/process/tuning_curves.py,function,,_validate_tuning_inputs,A,1,660,687
pynapple/process/tuning_curves.py,function,,compute_discrete_tuning_curves,A,1,801,814
pynapple/process/warping.py,function,,_validate_warping_inputs,A,1,14,40
pynapple/process/wavelets.py,function,,_morlet,A,1,16,40
pynapple/process/wavelets.py,function,,_scale_morlet_wavelet,A,1,170,175
pynapple/process/_process_functions.py,function,,_jitperievent_shift_hankel,A,1,95,97
pynapple/core/base_class.py,method,_Base,__setattr__,A,2,101,110
pynapple/core/base_class.py,method,_Base,start_time,A,2,136,153
pynapple/core/base_class.py,method,_Base,end_time,A,2,155,172
pynapple/core/base_class.py,method,_Base,in_interval,A,2,369,393
pynapple/core/base_class.py,method,_Base,get,A,2,433,451
pynapple/core/base_class.py,method,_Base,get_slice,A,2,453,486
pynapple/core/config.py,method,PynappleConfig,suppress_conversion_warnings,A,2,131,134
pynapple/core/config.py,method,PynappleConfig,suppress_time_index_sorting_warnings,A,2,145,150
pynapple/core/interval_set.py,method,IntervalSet,_sort_and_validate,A,2,390,395
pynapple/core/interval_set.py,method,IntervalSet,time_span,A,2,761,777
pynapple/core/interval_set.py,method,IntervalSet,intersect,A,2,797,825
pynapple/core/interval_set.py,method,IntervalSet,union,A,2,827,851
pynapple/core/interval_set.py,method,IntervalSet,as_units,A,2,939,961
pynapple/core/interval_set.py,method,IntervalSet,get_intervals_center,A,2,1000,1027
pynapple/core/metadata_class.py,method,_MetadataMixin,__init__,A,2,70,83
pynapple/core/metadata_class.py,method,_MetadataMixin,__setattr__,A,2,92,102
pynapple/core/metadata_class.py,method,_MetadataMixin,__setitem__,A,2,121,127
pynapple/core/metadata_class.py,method,_Metadata,dtypes,A,2,650,654
pynapple/core/metadata_class.py,method,_Metadata,as_dataframe,A,2,696,702
pynapple/core/metadata_class.py,method,_Metadata,reset_index,A,2,748,756
pynapple/core/metadata_class.py,method,_MetadataLoc,__init__,A,2,833,837
pynapple/core/metadata_class.py,method,_MetadataLoc,_get_indexer,A,2,884,888
pynapple/core/time_index.py,method,TsIndex,__new__,A,2,111,117
pynapple/core/time_series.py,method,_BaseTsd,__getattr__,A,2,230,241
pynapple/core/time_series.py,method,_BaseTsd,bin_average,A,2,372,425
pynapple/core/time_series.py,method,TsdTensor,__init__,A,2,960,989
pynapple/core/time_series.py,method,TsdFrame,_getitem_column,A,2,1823,1829
pynapple/core/time_series.py,method,TsdFrame,as_units,A,2,1890,1911
pynapple/core/time_series.py,method,TsdFrame,save,A,2,2343,2401
pynapple/core/time_series.py,method,Tsd,as_units,A,2,2993,3013
pynapple/core/time_series.py,method,Tsd,threshold,A,2,3015,3068
pynapple/core/time_series.py,method,Tsd,to_tsgroup,A,2,3370,3418
pynapple/core/time_series.py,method,Ts,_define_instance,A,2,3628,3642
pynapple/core/time_series.py,method,Ts,as_units,A,2,3687,3706
pynapple/core/time_series.py,method,Ts,fillna,A,2,3708,3726
pynapple/core/ts_group.py,method,TsGroup,_normalize_data_input,A,2,206,209
pynapple/core/ts_group.py,method,TsGroup,__setitem__,A,2,383,388
pynapple/core/ts_group.py,method,TsGroup,_ts_group_from_keys,A,2,428,433
pynapple/core/ts_group.py,method,TsGroup,restrict,A,2,621,663
pynapple/core/ts_group.py,method,TsGroup,time_diff,A,2,1103,1149
pynapple/core/ts_group.py,method,TsGroup,get,A,2,1152,1174
pynapple/core/ts_group.py,method,TsGroup,getby_category,A,2,1291,1331
pynapple/core/utils.py,function,,convert_to_array,A,2,18,27
pynapple/core/utils.py,function,,_get_terminal_size,A,2,74,91
pynapple/core/utils.py,function,,_check_time_equals,A,2,205,223
pynapple/core/utils.py,function,,_is_tsd_like,A,2,251,253
pynapple/core/utils.py,function,,_merge_time_supports,A,2,279,283
pynapple/core/utils.py,function,,_concatenate_tsd,A,2,339,358
pynapple/core/utils.py,function,,add_docstring,A,2,508,520
pynapple/core/utils.py,function,,_arg_as_sequence,A,2,523,524
pynapple/core/utils.py,function,,_bind_callable_args,A,2,527,535
pynapple/core/utils.py,function,,_axis0_moved_by_rollaxis,A,2,572,573
pynapple/core/utils.py,function,,_axis0_moved_by_rot90,A,2,576,577
pynapple/core/utils.py,function,,_is_regularly_sampled,A,2,659,682
pynapple/core/_core_functions.py,function,,_count,A,2,31,37
pynapple/core/_core_functions.py,function,,_bin_average,A,2,166,172
pynapple/core/_core_functions.py,function,,_threshold,A,2,175,181
pynapple/core/_jitted_functions.py,function,,_jitthreshold_init_first_point,A,2,454,457
pynapple/core/_jitted_functions.py,function,,_jitthreshold_init_single_point,A,2,461,466
pynapple/core/_jitted_functions.py,function,,_jitunion_append_remaining,A,2,682,690
pynapple/core/_jitted_functions.py,function,,_jitdiff_append_remaining,A,2,796,805
pynapple/core/_jitted_functions.py,function,,jitdiff,A,2,871,893
pynapple/io/cnmfe.py,method,CNMF_E,load_cnmfe_nwb,A,2,52,81
pynapple/io/cnmfe.py,method,Minian,load_cnmfe_nwb,A,2,114,143
pynapple/io/cnmfe.py,method,InscopixCNMFE,load_cnmfe_nwb,A,2,177,206
pynapple/io/folder.py,method,Folder,expand,A,2,209,217
pynapple/io/folder.py,method,Folder,load,A,2,250,253
pynapple/io/interface_neo.py,function,,_check_neo_installed,A,2,83,87
pynapple/io/interface_neo.py,function,,_make_ts_from_event,A,2,393,413
pynapple/io/interface_neo.py,function,,_make_ts_from_spiketrain,A,2,416,438
pynapple/io/interface_neo.py,method,NeoSignalInterface,_get_segment_signal,A,2,667,671
pynapple/io/interface_neo.py,method,NeoSignalInterface,_empty_range_result,A,2,673,678
pynapple/io/interface_neo.py,method,NeoSignalInterface,__iter__,A,2,739,742
pynapple/io/interface_neo.py,method,EphysReader,items,A,2,1439,1441
pynapple/io/interface_neo.py,method,EphysReader,values,A,2,1443,1445
pynapple/io/interface_neurosuite.py,method,NeuroSuiteIO,_find_files,A,2,398,404
pynapple/io/interface_npz.py,method,NPZFile,load,A,2,82,93
pynapple/io/interface_nwb.py,function,,_extract_compatible_data_from_nwbfile,A,2,94,109
pynapple/io/interface_nwb.py,function,,_normalize_tsd_frame_columns,A,2,200,203
pynapple/io/interface_nwb.py,function,,_make_electrical_series_columns,A,2,215,224
pynapple/io/interface_nwb.py,function,,_make_roi_response_series_columns,A,2,227,231
pynapple/io/loader.py,function,,get_error_text,A,2,23,47
pynapple/io/loader.py,method,BaseLoader,__init__,A,2,55,65
pynapple/io/loader.py,method,BaseLoader,nwbfilepath,A,2,68,75
pynapple/io/loader.py,method,BaseLoader,_make_epochs,A,2,136,147
pynapple/io/loader.py,method,BaseLoader,_join_epochs,A,2,149,164
pynapple/io/loader.py,method,BaseLoader,save_nwb_intervals,A,2,166,195
pynapple/io/loader.py,method,BaseLoader,save_nwb_timeseries,A,2,197,239
pynapple/io/loader.py,method,BaseLoader,load_nwb_intervals,A,2,241,265
pynapple/io/misc.py,function,,load_folder,A,2,71,94
pynapple/io/neurosuite.py,method,NeuroSuite,write_neuroscope_intervals,A,2,213,246
pynapple/io/neurosuite.py,method,NeuroSuite,_normalize_waveform_window,A,2,248,251
pynapple/io/neurosuite.py,method,NeuroSuite,_ensure_path_exists,A,2,253,256
pynapple/io/neurosuite.py,method,NeuroSuite,load_mean_waveforms,A,2,407,481
pynapple/io/suite2p.py,method,Suite2P,_get_ophys_processing,A,2,79,82
pynapple/io/suite2p.py,method,Suite2P,_get_rois,A,2,93,98
pynapple/io/suite2p.py,method,Suite2P,load_suite2p_nwb,A,2,183,207
pynapple/io/suite2p.py,method,Suite2P,ops,A,2,222,223
pynapple/io/suite2p.py,method,Suite2P,rate,A,2,226,227
pynapple/io/suite2p.py,method,Suite2P,stats,A,2,230,231
pynapple/io/suite2p.py,method,Suite2P,iscell,A,2,234,235
pynapple/process/decoding.py,function,,decode_bayes,A,2,180,426
pynapple/process/decoding.py,function,,_validate_tuning_curves,A,2,15,20
pynapple/process/perievent.py,function,,_align_discrete,A,2,464,497
pynapple/process/randomize.py,function,,_shift,A,2,114,126
pynapple/process/randomize.py,function,,shuffle_ts_intervals,A,2,145,169
pynapple/process/randomize.py,function,,resample_timestamps,A,2,214,240
pynapple/process/randomize.py,function,,_jitter_ts,A,2,246,274
pynapple/process/randomize.py,function,,_resample_tsgroup,A,2,335,359
pynapple/process/randomize.py,function,,_shuffle_intervals_tsgroup,A,2,386,402
pynapple/process/tuning_curves.py,function,,_build_tuning_curves_dataarray,A,2,110,122
pynapple/process/tuning_curves.py,function,,_validate_nb_bins,A,2,607,610
pynapple/process/tuning_curves.py,function,,_validate_group,A,2,614,616
pynapple/process/tuning_curves.py,function,,_validate_ep,A,2,619,621
pynapple/process/tuning_curves.py,function,,_validate_minmax,A,2,624,626
pynapple/process/tuning_curves.py,function,,_validate_tc,A,2,636,639
pynapple/process/tuning_curves.py,function,,_validate_dict_tc,A,2,643,646
pynapple/process/tuning_curves.py,function,,_validate_bitssec,A,2,650,652
pynapple/process/tuning_curves.py,function,,_validate_tsdframe,A,2,655,657
pynapple/process/tuning_curves.py,function,,compute_1d_tuning_curves,A,2,691,709
pynapple/process/tuning_curves.py,function,,compute_1d_tuning_curves_continuous,A,2,717,737
pynapple/process/wavelets.py,function,,_pad_filter_bank,A,2,178,185
pynapple/process/wavelets.py,function,,generate_morlet_filterbank,A,2,189,254
pynapple/process/_process_functions.py,function,,_jitperievent_flush_hankel,A,2,101,103
pynapple/core/base_class.py,method,_Base,restrict,A,3,344,367
pynapple/core/base_class.py,method,_Base,copy,A,3,395,400
pynapple/core/base_class.py,method,_Base,_apply_n_points,A,3,565,574
pynapple/core/base_class.py,method,_Base,_get_slice,A,3,576,657
pynapple/core/interval_set.py,method,IntervalSet,_normalize_dataframe,A,3,221,237
pynapple/core/interval_set.py,method,IntervalSet,_normalize_inputs,A,3,240,250
pynapple/core/interval_set.py,method,IntervalSet,_normalize_inputs,A,3,319,330
pynapple/core/interval_set.py,method,IntervalSet,_normalize_dataframe_input,A,3,333,349
pynapple/core/interval_set.py,method,IntervalSet,_sort_if_needed,A,3,398,413
pynapple/core/interval_set.py,method,IntervalSet,__setattr__,A,3,544,554
pynapple/core/interval_set.py,method,IntervalSet,__setitem__,A,3,578,587
pynapple/core/interval_set.py,method,IntervalSet,merge_close_intervals,A,3,963,998
pynapple/core/metadata_class.py,method,_MetadataMixin,__getattr__,A,3,104,118
pynapple/core/metadata_class.py,method,_Metadata,__getitem__,A,3,610,619
pynapple/core/time_series.py,function,,create_str,A,3,1001,1012
pynapple/core/time_series.py,function,,_get_class,A,3,52,70
pynapple/core/time_series.py,method,_BaseTsd,__setitem__,A,3,221,228
pynapple/core/time_series.py,method,TsdFrame,_repr_main_table,A,3,1609,1655
pynapple/core/time_series.py,method,TsdFrame,__setattr__,A,3,1734,1744
pynapple/core/time_series.py,method,TsdFrame,_validate_boolean_key,A,3,1815,1820
pynapple/core/time_series.py,method,TsdFrame,_getitem_column_list,A,3,1831,1837
pynapple/core/time_series.py,method,Ts,__init__,A,3,3601,3626
pynapple/core/ts_group.py,method,TsGroup,__init__,A,3,288,327
pynapple/core/ts_group.py,method,TsGroup,_finalize_init,A,3,329,343
pynapple/core/ts_group.py,method,TsGroup,__setattr__,A,3,349,359
pynapple/core/ts_group.py,method,TsGroup,to_tsd,A,3,867,965
pynapple/core/ts_group.py,method,TsGroup,getby_intervals,A,3,1238,1289
pynapple/core/ts_group.py,method,TsGroup,_validate_merge_metadata,A,3,1414,1424
pynapple/core/ts_group.py,method,TsGroup,_validate_merge_keys,A,3,1427,1438
pynapple/core/ts_group.py,method,TsGroup,_validate_merge_time_support,A,3,1441,1452
pynapple/core/utils.py,function,,cast_to_numpy,A,3,162,202
pynapple/core/utils.py,function,,check_filename,A,3,448,477
pynapple/core/_jitted_functions.py,function,,jitvaluefrom,A,3,95,125
pynapple/core/_jitted_functions.py,function,,jitthreshold,A,3,405,431
pynapple/core/_jitted_functions.py,function,,_jitthreshold_seek_start_interval,A,3,446,450
pynapple/core/_jitted_functions.py,function,,_jitthreshold_handle_boundary,A,3,470,476
pynapple/core/_jitted_functions.py,function,,_jitthreshold_scan,A,3,506,523
pynapple/core/_jitted_functions.py,function,,_jitunion_copy_leading,A,3,668,678
pynapple/core/_jitted_functions.py,function,,_jitdiff_advance_to_overlap,A,3,776,783
pynapple/io/folder.py,method,Folder,metadata,A,3,279,304
pynapple/io/interface_neo.py,function,,_get_signal_type,A,3,108,126
pynapple/io/interface_neo.py,function,,_extract_array_annotations,A,3,242,257
pynapple/io/interface_neo.py,method,NeoSignalInterface,_load_segment_range,A,3,680,695
pynapple/io/interface_neo.py,method,EphysReader,__init__,A,3,966,990
pynapple/io/interface_neo.py,function,,_loader,A,3,1181,1188
pynapple/io/interface_neurosuite.py,method,NeuroSuiteIO,load_binary,A,3,436,472
pynapple/io/interface_nwb.py,function,,_make_tsd,A,3,140,167
pynapple/io/interface_nwb.py,function,,_make_tsd_tensor,A,3,170,197
pynapple/io/interface_nwb.py,function,,_make_spatial_series_columns,A,3,206,212
pynapple/io/interface_nwb.py,function,,_make_tsd_frame,A,3,247,284
pynapple/io/interface_nwb.py,method,NWBFile,__str__,A,3,462,469
pynapple/io/neurosuite.py,method,NeuroSuite,_restrict_spikes_to_epoch,A,3,258,270
pynapple/io/neurosuite.py,method,NeuroSuite,_sample_counted_spikes,A,3,283,295
pynapple/io/neurosuite.py,method,NeuroSuite,_make_spike_check,A,3,315,320
pynapple/io/neurosuite.py,method,NeuroSuite,_build_results,A,3,382,405
pynapple/process/decoding.py,function,,_validate_tuning_curves_and_data,A,3,46,50
pynapple/process/decoding.py,function,,_validate_uniform_prior,A,3,52,55
pynapple/process/filtering.py,function,,_compute_butterworth_filter,A,3,68,95
pynapple/process/filtering.py,function,,get_filter_frequency_response,A,3,465,517
pynapple/process/randomize.py,function,,jitter_timestamps,A,3,175,208
pynapple/process/randomize.py,function,,_jitter_tsgroup,A,3,277,313
pynapple/process/signal.py,function,,apply_hilbert_transform,A,3,12,97
pynapple/process/spectrum.py,function,,_overlap_split,A,3,17,34
pynapple/process/tuning_curves.py,function,,_normalize_epochs,A,3,39,47
pynapple/process/tuning_curves.py,function,,_normalize_fs,A,3,50,55
pynapple/process/tuning_curves.py,function,,_compute_rate_tuning_curves,A,3,88,107
pynapple/process/tuning_curves.py,function,,_validate_features,A,3,600,604
pynapple/process/tuning_curves.py,function,,wrapper,A,3,676,685
pynapple/process/warping.py,function,,warp_tensor,A,3,194,253
pynapple/process/_process_functions.py,function,,_perievent_triggered_average,A,3,198,246
pynapple/core/base_class.py,method,_Base,find_support,A,4,402,431
pynapple/core/base_class.py,method,_Base,_get_single_slice,A,4,558,563
pynapple/core/config.py,method,PynappleConfig,set_backend,A,4,93,108
pynapple/core/interval_set.py,method,IntervalSet,_apply_jitfix,A,4,286,296
pynapple/core/interval_set.py,method,IntervalSet,_apply_jitfix,A,4,415,425
pynapple/core/interval_set.py,method,IntervalSet,_finalize_metadata,A,4,440,442
pynapple/core/interval_set.py,method,IntervalSet,__getattr__,A,4,557,576
pynapple/core/interval_set.py,method,IntervalSet,__array_ufunc__,A,4,639,654
pynapple/core/interval_set.py,method,IntervalSet,__array_function__,A,4,656,671
pynapple/core/interval_set.py,method,IntervalSet,_from_npz_reader,A,4,735,759
pynapple/core/metadata_class.py,method,_Metadata,merge,A,4,792,824
pynapple/core/time_index.py,method,TsIndex,format_timestamps,A,4,25,54
pynapple/core/time_index.py,method,TsIndex,return_timestamps,A,4,57,86
pynapple/core/time_index.py,method,TsIndex,sort_timestamps,A,4,89,109
pynapple/core/time_series.py,method,TsdFrame,_repr_headers,A,4,1600,1607
pynapple/core/time_series.py,method,TsdFrame,__getattr__,A,4,1747,1766
pynapple/core/time_series.py,method,TsdFrame,_normalize_getitem_key,A,4,1810,1813
pynapple/core/time_series.py,method,Tsd,__init__,A,4,2860,2891
pynapple/core/time_series.py,method,Ts,__getitem__,A,4,3663,3674
pynapple/core/ts_group.py,method,TsGroup,__getattr__,A,4,362,381
pynapple/core/ts_group.py,method,TsGroup,count,A,4,749,864
pynapple/core/ts_group.py,method,TsGroup,_subsample_indices,A,4,2081,2092
pynapple/core/ts_group.py,method,TsGroup,_build_subsampled_item,A,4,2095,2104
pynapple/core/utils.py,function,,_collect_concat_inputs,A,4,256,276
pynapple/core/utils.py,function,,_get_first_array_arg,A,4,538,547
pynapple/core/utils.py,function,,_axis0_moved_by_axes,A,4,580,591
pynapple/core/utils.py,function,,_axis0_moved_by_swapaxes,A,4,610,614
pynapple/core/_jitted_functions.py,function,,_jitthreshold_mask,A,4,344,352
pynapple/core/_jitted_functions.py,function,,_jitthreshold_mask,A,4,435,442
pynapple/core/_jitted_functions.py,function,,jitunion_isets,A,4,897,927
pynapple/io/folder.py,function,,_walk_folder,A,4,50,71
pynapple/io/folder.py,method,Folder,_generate_tree_view,A,4,191,207
pynapple/io/interface_neo.py,function,,_make_ts_from_event_multiseg,A,4,358,390
pynapple/io/interface_neo.py,function,,_make_ts_from_spiketrain_multiseg,A,4,441,471
pynapple/io/interface_neo.py,method,NeoSignalInterface,_find_segment_for_index,A,4,744,762
pynapple/io/interface_neo.py,method,EphysReader,close,A,4,1447,1452
pynapple/io/interface_neurosuite.py,function,,_text,A,4,103,110
pynapple/io/interface_neurosuite.py,method,NeuroSuiteIO,_find_evt_files,A,4,406,415
pynapple/io/interface_neurosuite.py,method,NeuroSuiteIO,_find_spike_groups,A,4,417,430
pynapple/io/interface_npz.py,method,NPZFile,__init__,A,4,54,80
pynapple/io/interface_nwb.py,function,,_make_interval_set,A,4,113,137
pynapple/io/interface_nwb.py,function,,_make_tsd_frame_columns,A,4,234,244
pynapple/io/neurosuite.py,method,NeuroSuite,load_nwb_spikes,A,4,42,81
pynapple/io/phy.py,method,Phy,load_nwb_spikes,A,4,41,74
pynapple/io/suite2p.py,method,Suite2P,_get_timeseries_fields,A,4,125,138
pynapple/io/suite2p.py,method,Suite2P,_get_planes,A,4,140,144
pynapple/process/correlograms.py,function,,compute_eventcorrelogram,A,4,372,455
pynapple/process/decoding.py,function,,decode_1d,A,4,652,690
pynapple/process/perievent.py,function,,_align_regular,A,4,501,549
pynapple/process/signal.py,function,,_build_oscillatory_event_metadata,A,4,331,358
pynapple/process/spectrum.py,function,,wrapper,A,4,39,63
pynapple/process/tuning_curves.py,function,,_validate_boolean_flag,A,4,16,18
pynapple/process/tuning_curves.py,function,,_validate_feature,A,4,593,597
pynapple/process/tuning_curves.py,function,,_validate_dict_ep,A,4,629,633
pynapple/process/warping.py,function,,_warp_tensor_from_tsgroup,A,4,150,165
pynapple/process/_process_functions.py,function,,_perievent_continuous,A,4,250,281
pynapple/core/base_class.py,method,_Base,_get_start_index,A,5,521,535
pynapple/core/interval_set.py,method,IntervalSet,_sort_timestamps,A,5,253,284
pynapple/core/metadata_class.py,method,_MetadataMixin,_check_metadata_column_names,A,5,199,208
pynapple/core/metadata_class.py,method,_MetadataMixin,set_info,A,5,272,319
pynapple/core/metadata_class.py,method,_MetadataILoc,__getitem__,A,5,902,922
pynapple/core/time_series.py,method,_BaseTsd,__array_ufunc__,A,5,263,282
pynapple/core/time_series.py,method,_BaseTsd,dropna,A,5,427,460
pynapple/core/time_series.py,method,Tsd,__repr__,A,5,2893,2934
pynapple/core/time_series.py,method,Ts,__repr__,A,5,3645,3661
pynapple/core/ts_group.py,method,TsGroup,_validate_init_args,A,5,194,203
pynapple/core/ts_group.py,method,TsGroup,_coerce_data_to_ts,A,5,253,269
pynapple/core/ts_group.py,method,TsGroup,getby_threshold,A,5,1181,1236
pynapple/core/ts_group.py,method,TsGroup,save,A,5,1558,1675
pynapple/core/ts_group.py,method,TsGroup,subsample,A,5,2106,2175
pynapple/core/utils.py,function,,convert_to_numpy_array,A,5,30,61
pynapple/core/utils.py,function,,_normalize_concat_axis,A,5,244,248
pynapple/core/utils.py,function,,_get_concatenate_warning,A,5,286,291
pynapple/core/utils.py,function,,_concatenate_time_axis,A,5,294,309
pynapple/core/_jitted_functions.py,function,,_jitthreshold_handle_middle,A,5,480,486
pynapple/io/folder.py,method,Folder,__getitem__,A,5,149,177
pynapple/io/interface_neo.py,method,EphysReader,_get_electrode_positions,A,5,1112,1134
pynapple/io/interface_neo.py,method,EphysReader,__str__,A,5,1335,1355
pynapple/io/interface_neurosuite.py,method,NeuroSuiteIO,__init__,A,5,298,343
pynapple/io/interface_neurosuite.py,method,NeuroSuiteIO,load_events,A,5,538,573
pynapple/io/interface_nwb.py,function,,_get_full_path,A,5,44,57
pynapple/io/misc.py,function,,append_NWB_LFP,A,5,311,372
pynapple/io/suite2p.py,method,Suite2P,_populate_stats_and_plane_info,A,5,100,123
pynapple/process/correlograms.py,function,,compute_autocorrelogram,A,5,165,244
pynapple/process/decoding.py,function,,decode_2d,A,5,694,735
pynapple/process/decoding.py,function,,_prepare_data,A,5,23,44
pynapple/process/decoding.py,function,,_apply_smoothing,A,5,58,76
pynapple/process/filtering.py,function,,_get_windowed_sinc_kernel,A,5,114,158
pynapple/process/tuning_curves.py,function,,_normalize_range,A,5,58,65
pynapple/process/tuning_curves.py,function,,_compute_spike_tuning_curves,A,5,68,85
pynapple/process/tuning_curves.py,function,,compute_2d_tuning_curves,A,5,745,768
pynapple/process/tuning_curves.py,function,,compute_2d_tuning_curves_continuous,A,5,772,797
pynapple/process/tuning_curves.py,function,,compute_1d_mutual_info,A,5,877,915
pynapple/process/warping.py,function,,build_tensor,A,5,44,147
pynapple/process/warping.py,function,,wrapper,A,5,16,38
pynapple/process/_process_functions.py,function,,_jitperievent_bin_average,A,5,74,91
pynapple/core/base_class.py,method,_Base,value_from,B,6,174,220
pynapple/core/base_class.py,method,_Base,_from_npz_reader,B,6,681,711
pynapple/core/interval_set.py,method,IntervalSet,_coerce_array,B,6,179,192
pynapple/core/interval_set.py,method,IntervalSet,_normalize_start_end_inputs,B,6,351,370
pynapple/core/interval_set.py,method,IntervalSet,_coerce_input_array,B,6,373,386
pynapple/core/interval_set.py,method,IntervalSet,split,B,6,1090,1169
pynapple/core/metadata_class.py,method,_MetadataMixin,_normalize_metadata_kwargs,B,6,210,230
pynapple/core/metadata_class.py,method,_Metadata,__eq__,B,6,595,608
pynapple/core/time_series.py,method,TsdTensor,__repr__,B,6,991,1032
pynapple/core/ts_group.py,function,,_union_intervals,B,6,34,63
pynapple/core/ts_group.py,method,TsGroup,value_from,B,6,666,721
pynapple/core/utils.py,function,,_split_tsd,B,6,227,241
pynapple/core/_core_functions.py,function,,_value_from,B,6,40,90
pynapple/io/interface_neo.py,method,EphysReader,_collect_neuroscope,B,6,1067,1110
pynapple/io/interface_nwb.py,function,,_get_unique_identifier,B,6,21,41
pynapple/io/interface_nwb.py,function,,_make_ts,B,6,358,383
pynapple/io/interface_nwb.py,method,NWBFile,__init__,B,6,412,460
pynapple/io/misc.py,function,,load_file,B,6,26,68
pynapple/io/neurosuite.py,method,NeuroSuite,load_lfp,B,6,83,164
pynapple/io/neurosuite.py,method,NeuroSuite,read_neuroscope_intervals,B,6,167,211
pynapple/io/neurosuite.py,method,NeuroSuite,_build_batches,B,6,297,313
pynapple/io/phy.py,method,Phy,load_lfp,B,6,76,154
pynapple/io/suite2p.py,method,Suite2P,_load_timeseries,B,6,146,181
pynapple/process/filtering.py,function,,_compute_filter,B,6,191,229
pynapple/process/signal.py,function,,_check_tuple,B,6,264,272
pynapple/process/spectrum.py,function,,compute_power_spectral_density,B,6,128,188
pynapple/core/base_class.py,method,_Base,_get_end_index,B,7,537,556
pynapple/core/interval_set.py,method,IntervalSet,_normalize_start_end,B,7,197,218
pynapple/core/metadata_class.py,method,_Metadata,__repr__,B,7,566,592
pynapple/core/metadata_class.py,function,,_decorator,B,7,33,56
pynapple/core/time_series.py,method,_BaseTsd,__init__,B,7,173,205
pynapple/core/time_series.py,method,_BaseTsd,convolve,B,7,462,521
pynapple/core/time_series.py,method,_BaseTsd,derivative,B,7,771,830
pynapple/core/time_series.py,method,TsdFrame,__getitem__,B,7,1795,1808
pynapple/core/time_series.py,method,TsdFrame,find_peaks,B,7,2215,2339
pynapple/core/time_series.py,method,Tsd,__getitem__,B,7,2958,2978
pynapple/core/time_series.py,method,Tsd,find_peaks,B,7,3421,3534
pynapple/core/ts_group.py,method,TsGroup,_convert_and_validate_keys,B,7,212,231
pynapple/core/utils.py,function,,_concatenate_feature_axis,B,7,313,336
pynapple/core/utils.py,function,,_axis0_moved_by_moveaxis,B,7,594,607
pynapple/core/utils.py,method,_TsdFrameSliceHelper,__getitem__,B,7,366,381
pynapple/core/_core_functions.py,function,,_dropna,B,7,93,117
pynapple/core/_core_functions.py,function,,_convolve,B,7,125,163
pynapple/core/_jitted_functions.py,function,,_jitthreshold_last_point,B,7,388,401
pynapple/core/_jitted_functions.py,function,,_jitthreshold_handle_tail,B,7,490,502
pynapple/core/_jitted_functions.py,function,,jitintersect,B,7,621,665
pynapple/core/_jitted_functions.py,function,,_jitdiff_process_overlap,B,7,732,772
pynapple/io/folder.py,function,,_find_files,B,7,19,47
pynapple/io/folder.py,method,Folder,__init__,B,7,96,137
pynapple/io/interface_neo.py,function,,_extract_annotations,B,7,219,239
pynapple/io/interface_neo.py,function,,_make_tsgroup_from_spiketrains,B,7,474,517
pynapple/io/interface_neo.py,method,NeoSignalInterface,_load_data_range,B,7,764,812
pynapple/io/interface_neurosuite.py,function,,_pair_start_stop,B,7,24,36
pynapple/io/interface_npz.py,function,,_find_class_from_variables,B,7,18,34
pynapple/process/decoding.py,function,,_format_decoding_outputs,B,7,120,176
pynapple/process/spectrum.py,function,,compute_fft,B,7,69,124
pynapple/process/tuning_curves.py,function,,compute_2d_mutual_info,B,7,818,873
pynapple/process/warping.py,function,,_warp_tensor_from_tsd,B,7,168,190
pynapple/core/base_class.py,method,_Base,__init__,B,8,34,61
pynapple/core/base_class.py,method,_Base,time_diff,B,8,293,341
pynapple/core/metadata_class.py,method,_MetadataMixin,groupby_apply,B,8,503,546
pynapple/core/metadata_class.py,method,_Metadata,join,B,8,758,790
pynapple/core/time_series.py,method,_BaseTsd,decimate,B,8,611,696
pynapple/core/time_series.py,method,TsdFrame,__init__,B,8,1545,1589
pynapple/core/time_series.py,method,TsdFrame,_repr_metadata_table,B,8,1657,1722
pynapple/core/ts_group.py,method,TsGroup,_apply_time_support,B,8,272,286
pynapple/core/ts_group.py,method,TsGroup,__str__,B,8,534,568
pynapple/core/utils.py,function,,_convert_iter_to_str,B,8,480,505
pynapple/core/_jitted_functions.py,function,,jitcount,B,8,217,266
pynapple/core/_jitted_functions.py,function,,_jitthreshold_transition,B,8,356,384
pynapple/core/_jitted_functions.py,function,,_jitbin_array,B,8,535,585
pynapple/core/_jitted_functions.py,function,,_jitunion_merge_overlap,B,8,694,728
pynapple/io/interface_neurosuite.py,function,,parse_neuroscope_xml,B,8,113,232
pynapple/io/interface_nwb.py,method,NWBFile,__getitem__,B,8,490,536
pynapple/io/neurosuite.py,method,NeuroSuite,_accumulate_waveforms,B,8,324,380
pynapple/process/tuning_curves.py,function,,compute_tuning_curves,B,8,126,334
pynapple/process/tuning_curves.py,function,,compute_mutual_information,B,8,459,584
pynapple/process/_process_functions.py,function,,_jitcontinuous_perievent,B,8,18,70
pynapple/core/metadata_class.py,method,_MetadataMixin,restrict_info,B,9,425,456
pynapple/core/metadata_class.py,method,_MetadataMixin,groupby,B,9,458,501
pynapple/core/time_series.py,method,_BaseTsd,smooth,B,9,524,609
pynapple/core/time_series.py,method,_BaseTsd,to_trial_tensor,B,9,832,904
pynapple/core/time_series.py,method,Tsd,__setitem__,B,9,2936,2956
pynapple/core/time_series.py,method,Ts,trial_count,B,9,3778,3847
pynapple/core/ts_group.py,method,TsGroup,_sort_metadata,B,9,234,250
pynapple/core/ts_group.py,method,TsGroup,trial_count,B,9,999,1101
pynapple/core/utils.py,method,_IntervalSetSliceHelper,__getitem__,B,9,405,445
pynapple/core/_jitted_functions.py,function,,_jitvaluefrom_before,B,9,130,152
pynapple/core/_jitted_functions.py,function,,_jitvaluefrom_closest,B,9,183,213
pynapple/core/_jitted_functions.py,function,,jitremove_nan,B,9,313,337
pynapple/io/interface_neo.py,function,,_parse_openephys_electrode_positions,B,9,33,80
pynapple/io/interface_neo.py,function,,_make_intervalset_from_epoch_multiseg,B,9,304,354
pynapple/io/interface_neurosuite.py,method,NeuroSuiteIO,load_spikes,B,9,475,535
pynapple/io/loader.py,method,BaseLoader,load_data,B,9,77,134
pynapple/io/misc.py,function,,load_session,B,9,97,152
pynapple/process/tuning_curves.py,function,,_normalize_feature_names,B,9,21,36
pynapple/core/time_series.py,method,TsdFrame,__setitem__,B,10,1768,1792
pynapple/core/ts_group.py,method,TsGroup,_normalize_count_args,B,10,723,746
pynapple/core/ts_group.py,method,TsGroup,_from_npz_reader,B,10,1678,1750
pynapple/core/utils.py,function,,_axis0_moved_by_axis,B,10,550,569
pynapple/core/_jitted_functions.py,function,,_jitvaluefrom_after,B,10,156,179
pynapple/core/_jitted_functions.py,function,,_jitfix_iset,B,10,931,990
pynapple/io/interface_neo.py,function,,_build_neo_signal_layout,B,10,151,214
pynapple/io/interface_neo.py,method,EphysReader,_is_neuroscope,B,10,992,1024
pynapple/process/correlograms.py,function,,compute_crosscorrelogram,B,10,248,368
pynapple/process/randomize.py,function,,shift_timestamps,B,10,12,139
pynapple/process/signal.py,function,,_validate_detect_oscillatory_events_inputs,B,10,248,296
pynapple/process/spectrum.py,function,,compute_mean_power_spectral_density,B,10,192,313
pynapple/process/wavelets.py,function,,_validate_morlet_filterbank_inputs,B,10,141,167
pynapple/core/base_class.py,method,_Base,count,C,11,222,291
pynapple/core/base_class.py,method,_Base,_validate_get_slice_args,C,11,489,515
pynapple/core/metadata_class.py,method,_MetadataMixin,_raise_invalid_metadata_column_name,C,11,151,196
pynapple/core/metadata_class.py,method,_MetadataMixin,_set_metadata_value,C,11,232,270
pynapple/core/metadata_class.py,method,_MetadataMixin,get_info,C,11,323,377
pynapple/core/metadata_class.py,method,_Metadata,drop,C,11,656,694
pynapple/core/metadata_class.py,method,_MetadataLoc,__getitem__,C,11,839,882
pynapple/core/time_series.py,method,TsdTensor,__getitem__,C,11,1034,1060
pynapple/core/ts_group.py,method,TsGroup,_normalize_to_tsd_values,C,11,967,994
pynapple/core/ts_group.py,method,TsGroup,merge_group,C,11,1335,1410
pynapple/core/utils.py,function,,is_array_like,C,11,94,157
pynapple/io/interface_neo.py,function,,_make_tsgroup_from_spiketrains_multiseg,C,11,520,578
pynapple/io/interface_neo.py,method,EphysReader,_init_neo_reader,C,11,1026,1064
pynapple/io/interface_neo.py,method,EphysReader,__getitem__,C,11,1360,1433
pynapple/io/misc.py,function,,load_binary_file,C,11,155,258
pynapple/process/correlograms.py,function,,_cross_correlogram,C,11,91,161
pynapple/process/correlograms.py,function,,wrapper,C,11,45,85
pynapple/core/interval_set.py,method,IntervalSet,__repr__,C,12,444,536
pynapple/core/metadata_class.py,method,_Metadata,groupby,C,12,704,739
pynapple/core/time_series.py,method,_BaseTsd,__array_function__,C,12,284,340
pynapple/core/ts_group.py,method,TsGroup,__getitem__,C,12,391,426
pynapple/core/utils.py,function,,modifies_time_axis,C,12,618,656
pynapple/core/_jitted_functions.py,function,,jitrestrict_with_count,C,12,52,91
pynapple/core/_jitted_functions.py,function,,jitin_interval,C,12,270,309
pynapple/core/_jitted_functions.py,function,,_jitdiff_interval,C,12,833,867
pynapple/core/time_series.py,function,,_initialize_tsd_output,C,13,73,161
pynapple/core/time_series.py,method,_BaseTsd,interpolate,C,13,699,769
pynapple/core/_jitted_functions.py,function,,jitrestrict,C,13,9,48
pynapple/process/perievent.py,function,,compute_event_triggered_average,C,13,13,218
pynapple/process/perievent.py,function,,compute_perievent,C,13,274,461
pynapple/process/_process_functions.py,function,,_jitperievent_triggered_average,C,13,107,195
pynapple/core/ts_group.py,method,TsGroup,__repr__,C,14,436,532
pynapple/io/interface_neo.py,method,NeoSignalInterface,__getitem__,C,14,814,878
pynapple/io/interface_nwb.py,function,,iterate_over_nwb,C,14,60,91
pynapple/process/correlograms.py,function,,compute_isi_distribution,C,14,458,552
pynapple/process/wavelets.py,function,,compute_wavelet_transform,C,14,44,137
pynapple/core/interval_set.py,method,IntervalSet,__getitem__,C,15,591,634
pynapple/core/metadata_class.py,method,_MetadataMixin,drop_info,C,15,380,422
pynapple/core/time_series.py,method,TsdFrame,_getitem_array_like,C,15,1839,1875
pynapple/io/interface_nwb.py,function,,_make_tsgroup,C,15,287,355
pynapple/process/filtering.py,function,,wrapper,C,15,16,56
pynapple/io/interface_neurosuite.py,function,,_build_events,C,17,39,100
pynapple/process/tuning_curves.py,function,,compute_response_per_epoch,C,17,337,456
pynapple/io/interface_neo.py,method,EphysReader,_collect_data,D,25,1195,1332
