arquivo,loc,lloc,sloc,comments,multi,blank,single_comments
pynapple/core/__init__.py,5,5,5,0,0,0,0
pynapple/io/__init__.py,12,5,12,0,0,0,0
pynapple/__init__.py,21,9,18,1,0,2,1
pynapple/io/interface_npz.py,93,40,43,3,25,22,3
pynapple/core/time_index.py,151,55,47,2,76,26,2
pynapple/process/__init__.py,50,10,50,0,0,0,0
pynapple/core/config.py,164,54,52,2,76,34,2
pynapple/io/phy.py,155,61,79,2,47,27,2
pynapple/io/cnmfe.py,206,83,82,5,79,40,5
pynapple/process/warping.py,253,73,84,5,119,48,2
pynapple/process/randomize.py,402,109,116,7,194,85,7
pynapple/io/folder.py,308,133,124,34,89,60,35
pynapple/process/wavelets.py,254,86,125,1,87,42,0
pynapple/core/_core_functions.py,181,99,128,10,7,39,7
pynapple/process/spectrum.py,313,117,134,24,101,62,16
pynapple/io/suite2p.py,235,142,137,6,40,52,6
pynapple/process/signal.py,422,102,146,1,218,57,1
pynapple/process/perievent.py,550,103,149,3,319,79,3
pynapple/io/misc.py,372,125,174,3,131,64,3
pynapple/io/loader.py,298,136,177,8,60,53,8
pynapple/process/filtering.py,517,128,206,2,238,69,4
pynapple/process/_process_functions.py,281,153,212,5,7,59,3
pynapple/process/correlograms.py,553,180,236,5,227,85,5
pynapple/process/decoding.py,736,149,255,18,363,102,16
pynapple/io/interface_nwb.py,573,274,291,31,137,115,30
pynapple/io/neurosuite.py,482,198,294,9,100,80,8
pynapple/core/base_class.py,711,304,303,18,251,137,20
pynapple/io/interface_neurosuite.py,573,307,327,41,107,101,38
pynapple/core/utils.py,682,339,373,18,150,146,13
pynapple/process/tuning_curves.py,915,289,467,19,297,140,11
pynapple/core/metadata_class.py,922,431,487,57,247,136,52
pynapple/core/interval_set.py,1504,570,648,40,567,248,41
pynapple/io/interface_neo.py,1452,601,709,103,369,256,118
pynapple/core/_jitted_functions.py,990,699,725,68,16,209,40
pynapple/core/ts_group.py,2176,648,782,62,996,341,57
pynapple/core/time_series.py,4139,970,1174,48,2349,569,47
TOTAL,21651,7787,9371,661,8089,3585,606
